<?xml version="1.0" encoding="utf-8" standalone="no" ?>
<modDesc descVersion="77">
    <author>Disturbed Simulations</author>
	<contributor>Jos Modding</contributor>
    <version>1.0.0.0</version>
    <title>
	<en>UK Growth Calendar</en>
	<de>Britischer Wachstumskalender</de>
	</title>

    <description>
        <en><![CDATA[UK growth calendar for use with the crop calendar manager mod.  
This will appear as a map when starting a new game but should only be used as a growth calendar option for other maps.]]></en>
        <de><![CDATA[UK-Wachstumskalender zur Verwendung mit dem Crop Calendar Manager Mod.
Dies wird beim Start eines neuen Spiels als Karte angezeigt, sollte aber nur als Wachstumskalenderoption für andere Karten verwendet werden.]]></de>		
		
    </description>

    <iconFilename>icon_ukGrowthCalendar.dds</iconFilename>
    <multiplayer supported="true"/>

    <maps>
        <map id="UKGrowthCalendar" className="Mission00" filename="$dataS/scripts/missions/mission00.lua" configFilename="map.xml" defaultVehiclesXMLFilename="maps/mapUS/vehicles.xml" defaultPlaceablesXMLFilename="maps/mapUS/placeables.xml" defaultItemsXMLFilename="maps/mapUS/items.xml">
            <title>
                <en>UK growth Calendar</en>
                <de>Britischer Wachstumskalender</de>				
            </title>
            <description>
                <en>Growth calendar for UK style maps.</en>
                <de>Wachstumskalender für Karten im britischen Stil.</de>				
            </description>
            <iconFilename>preview.dds</iconFilename>
        </map>
    </maps>
    <dependencies>
            <dependency>FS22_CropCalendarManager</dependency>
    </dependencies>	
	
</modDesc>
